County,Division
Anderson County,East
Bledsoe County,East
Blount County,East
Bradley County,East
Campbell County,East
Carter County,East
Claiborne County,East
Cocke County,East
Cumberland County,East
Grainger County,East
Greene County,East
Hamblen County,East
Hamilton County,East
Hancock County,East
Hawkins County,East
Jefferson County,East
Johnson County,East
Knox County,East
Loudon County,East
Marion County,East
McMinn County,East
Meigs County,East
Monroe County,East
Morgan County,East
Polk County,East
Rhea County,East
Roane County,East
Scott County,East
Sevier County,East
Sullivan County,East
Unicoi County,East
Union County,East
Washington County,East
Bedford County,Middle
Cannon County,Middle
Cheatham County,Middle
Clay County,Middle
Coffee County,Middle
Davidson County,Middle
DeKalb County,Middle
Dickson County,Middle
Fentress County,Middle
Franklin County,Middle
Giles County,Middle
Grundy County,Middle
Hickman County,Middle
Houston County,Middle
Humphreys County,Middle
Jackson County,Middle
Lawrence County,Middle
Lewis County,Middle
Lincoln County,Middle
Macon County,Middle
Marshall County,Middle
Maury County,Middle
Montgomery County,Middle
Moore County,Middle
Overton County,Middle
Perry County,Middle
Pickett County,Middle
Putnam County,Middle
Robertson County,Middle
Rutherford County,Middle
Sequatchie County,Middle
Smith County,Middle
Stewart County,Middle
Sumner County,Middle
Trousdale County,Middle
Van Buren County,Middle
Warren County,Middle
Wayne County,Middle
White County,Middle
Williamson County,Middle
Wilson County,Middle
Benton County,West
Carroll County,West
Chester County,West
Crockett County,West
Decatur County,West
Dyer County,West
Fayette County,West
Gibson County,West
Hardeman County,West
Hardin County,West
Haywood County,West
Henderson County,West
Henry County,West
Lake County,West
Lauderdale County,West
Madison County,West
McNairy County,West
Obion County,West
Shelby County,West
Tipton County,West
Weakley County,West
